Número da Lei,Data de Publicação,Ementa,Link,Assunto
"Lei nº 14.952, de 6.8.2024",7 .8.2024,"Altera a Lei nº 9.394, de 20 de dezembro de 1996 (Lei de Diretrizes e Bases da Educação Nacional), a fim de estabelecer regime escolar especial para atendimento a educandos nas situações que especifica . Mensagem de veto",http://www.planalto.gov.br/ccivil_03/_ato2023-2026/2024/lei/L14952.htm,Eleitoral
"Lei nº 14.951, de 2.8.2024",5 .8.2024,"Dispõe sobre a coloração da órtese externa denominada bengala longa, para fins de identificação da condição de seu usuário.",http://www.planalto.gov.br/ccivil_03/_ato2023-2026/2024/lei/L14951.htm,Tributário
"Lei nº 14.950, de 2.8.2024",5 .8.2024,"Altera a Lei nº 8.069, de 13 de julho de 1990 (Estatuto da Criança e do Adolescente), para dispor sobre o direito da criança e do adolescente de visitação à mãe ou ao pai internados em instituição de saúde.",http://www.planalto.gov.br/ccivil_03/_ato2023-2026/2024/lei/L14950.htm,Eleitoral
"Lei nº 14.949, de 2.8.2024",5 .8.2024,"Confere ao Munícipio de Santa Rosa de Lima, no Estado de Santa Catarina, o título de Capital Nacional da Meliponicultura.",http://www.planalto.gov.br/ccivil_03/_ato2023-2026/2024/lei/L14949.htm,Consumidor
"Lei nº 14.948, de 2.8.2024",2 .8.2024 - Edição extra,"Institui o marco legal do hidrogênio de baixa emissão de carbono; dispõe sobre a Política Nacional do Hidrogênio de Baixa Emissão de Carbono; institui incentivos para a indústria do hidrogênio de baixa emissão de carbono; institui o Regime Especial de Incentivos para a Produção de Hidrogênio de Baixa Emissão de Carbono (Rehidro); cria o Programa de Desenvolvimento do Hidrogênio de Baixa Emissão de Carbono (PHBC); e altera as Leis nºs 9.427, de 26 de dezembro de 1996, e 9.478, de 6 de agosto de 1997.",http://www.planalto.gov.br/ccivil_03/_ato2023-2026/2024/lei/L14948.htm,Trabalho
"Lei nº 14.947, de 2.8.2024",2 .8.2024 - Edição extra,"Dispõe sobre a criação do Fundo de Investimento em Infraestrutura Social (FIIS); e altera a Medida Provisória nº 2.156-5, de 24 de agosto de 2001, para autorizar os agentes operadores do Fundo de Desenvolvimento do Nordeste (FDNE) a renegociar os termos, os prazos e as demais condições financeiras das operações de crédito cujos riscos são suportados, parcial ou integralmente, pela União.",http://www.planalto.gov.br/ccivil_03/_ato2023-2026/2024/lei/L14947.htm,Processual
"Lei nº 14.946, de 31.7.2024",1º .8.2024,Institui normas aplicáveis a atividades espaciais nacionais . Mensagem de veto,http://www.planalto.gov.br/ccivil_03/_ato2023-2026/2024/lei/L14946.htm,Internacional
"Lei nº 14.945, de 31.7.2024",1º .8.2024,"Altera a Lei nº 9.394, de 20 de dezembro de 1996 (Lei de Diretrizes e Bases da Educação Nacional), a fim de definir diretrizes para o ensino médio, e as Leis nºs 14.818, de 16 de janeiro de 2024, 12.711, de 29 de agosto de 2012, 11.096, de 13 de janeiro de 2005, e 14.640, de 31 de julho de 2023. Mensagem de veto",http://www.planalto.gov.br/ccivil_03/_ato2023-2026/2024/lei/L14945.htm,Eleitoral
"Lei nº 14.944, de 31.7.2024",1º .8.2024,"Institui a Política Nacional de Manejo Integrado do Fogo e altera as Leis nºs 7.735, de 22 de fevereiro de 1989, 12.651, de 25 de maio de 2012 (Código Florestal), e 9.605, de 12 de fevereiro de 1998 (Lei dos Crimes Ambientais).",http://www.planalto.gov.br/ccivil_03/_ato2023-2026/2024/lei/L14944.htm,Ambiental
"Lei nº 14.943, de 31.7.2024",1º .8.2024,"Altera a Lei nº 12.865, de 9 de outubro de 2013, para estender ao farelo e ao óleo de milho o mesmo tratamento tributário concedido à soja relativamente à incidência da Contribuição para os Programas de Integração Social e de Formação do Patrimônio do Servidor Público (Contribuição para o PIS/Pasep) e da Contribuição para o Financiamento da Seguridade Social (Cofins).",http://www.planalto.gov.br/ccivil_03/_ato2023-2026/2024/lei/L14943.htm,Tributário
"Lei nº 14.942, de 31.7.2024",1º .8.2024,"Altera a Lei nº 14.448, de 9 de setembro de 2022, para prever o Projeto Banco Vermelho, ações de conscientização em lugares públicos e premiação de projetos no âmbito do Agosto Lilás, mês destinado à conscientização para o fim da violência contra a mulher.",http://www.planalto.gov.br/ccivil_03/_ato2023-2026/2024/lei/L14942.htm,Eleitoral
"Lei nº 14.941, de 30.7.2024",31 .7.2024,"Cria o Conselho Curador do Fundo de Aperfeiçoamento da Defensoria Pública da União, referido no inciso XXI do caput do art. 4º da Lei Complementar nº 80, de 12 de janeiro de 1994 (Lei Orgânica da Defensoria Pública).",http://www.planalto.gov.br/ccivil_03/_ato2023-2026/2024/lei/L14941.htm,Administrativo
"Lei nº 14.940, de 30.7.2024",31 .7.2024,Institui o Dia Nacional do Funk.,http://www.planalto.gov.br/ccivil_03/_ato2023-2026/2024/lei/L14940.htm,Constitucional
"Lei nº 14.939, de 30.7.2024",31 .7.2024,"Altera a Lei nº 13.105, de 16 de março de 2015 (Código de Processo Civil), para prever que o tribunal determine a correção do vício de não comprovação da ocorrência de feriado local pelo recorrente, ou desconsidere a omissão caso a informação conste do processo eletrônico.",http://www.planalto.gov.br/ccivil_03/_ato2023-2026/2024/lei/L14939.htm,Civil
"Lei nº 14.938, de 29.7.2024",30 .7.2024,Institui o Dia Nacional da Lembrança do Holocausto.,http://www.planalto.gov.br/ccivil_03/_ato2023-2026/2024/lei/L14938.htm,Administrativo
"Lei nº 14.937, de 26.7.2024",29 .7.2024,"Institui a Letra de Crédito do Desenvolvimento (LCD); altera as Leis nºs 13.483, de 21 de setembro de 2017, e 11.076, de 30 de dezembro de 2004; e revoga dispositivos das Leis nºs 14.366, de 8 de junho de 2022, e 14.440, de 2 de setembro de 2022.",http://www.planalto.gov.br/ccivil_03/_ato2023-2026/2024/lei/L14937.htm,Administrativo
"Lei nº 14.936, de 26.7.2024",29 .7.2024,Institui o Dia Nacional de Prevenção ao Afogamento Infantil.,http://www.planalto.gov.br/ccivil_03/_ato2023-2026/2024/lei/L14936.htm,Constitucional
"Lei nº 14.935, de 26.7.2024",29 .7.2024,Institui a Política Nacional de Agricultura Urbana e Periurbana.,http://www.planalto.gov.br/ccivil_03/_ato2023-2026/2024/lei/L14935.htm,Administrativo
"Lei nº 14.934, de 25.7.2024",26 .7.2024,"Prorroga, até 31 de dezembro de 2025, a vigência do Plano Nacional de Educação, aprovado por meio da Lei nº 13.005, de 25 de junho de 2014.",http://www.planalto.gov.br/ccivil_03/_ato2023-2026/2024/lei/L14934.htm,Processual
"Lei nº 14.933, de 24.7.2024",25 .7.2024,"Altera a Lei nº 11.438, de 29 de dezembro de 2006, para permitir que pessoas físicas sejam proponentes de projetos no âmbito da referida Lei .",http://www.planalto.gov.br/ccivil_03/_ato2023-2026/2024/lei/L14933.htm,Eleitoral
"Lei nº 14.932, de 23.7.2024",24 .7.2024,"Acrescenta § 5º ao art. 29 da Lei nº 12.651, de 25 de maio de 2012 (Código Florestal), para autorizar a apresentação do Cadastro Ambiental Rural (CAR) para fins de apuração da área tributável de imóvel rural; e revoga o § 1º do art. 17-O da Lei nº 6.938, de 31 de agosto de 1981, para retirar o caráter obrigatório da utilização do Ato Declaratório Ambiental (ADA) para efeito de redução do valor a pagar do Imposto sobre a Propriedade Territorial Rural (ITR).",http://www.planalto.gov.br/ccivil_03/_ato2023-2026/2024/lei/L14932.htm,Ambiental
"Lei nº 14.931, de 22.7.2024",23 .7.2024,"Denomina “Passarela Bruno Santos Bacci” a passarela de pedestres construída sobre a BR-381, Rodovia Fernão Dias, localizada no Município de Atibaia, Estado de São Paulo.",http://www.planalto.gov.br/ccivil_03/_ato2023-2026/2024/lei/L14931.htm,Trabalho
"Lei nº 14.930, de 22.7.2024",23 .7.2024,"Confere o título de Capital Nacional da Vaquejada ao Município de Lagarto, no Estado de Sergipe.",http://www.planalto.gov.br/ccivil_03/_ato2023-2026/2024/lei/L14930.htm,Constitucional
"Lei nº 14.929, de 22.7.2024",23 .7.2024,"Confere o título de Capital Nacional do Artesanato Têxtil ao Município de Resende Costa, no Estado de Minas Gerais.",http://www.planalto.gov.br/ccivil_03/_ato2023-2026/2024/lei/L14929.htm,Tributário
"Lei nº 14.928, de 22.7.2024",23 .7.2024,"Denomina “Viaduto Vicente Vitagliano” o viaduto localizado no km 72,8 da rodovia BR-153, no Município de São José do Rio Preto, Estado de São Paulo.",http://www.planalto.gov.br/ccivil_03/_ato2023-2026/2024/lei/L14928.htm,Previdenciário
"Lei nº 14.927, de 18.7.2024",19 .7.2024,Institui o Dia Nacional de Conscientização sobre as Distrofias Musculares e dá outras providências .,http://www.planalto.gov.br/ccivil_03/_ato2023-2026/2024/lei/L14927.htm,Administrativo
"Lei nº 14.926, de 17.7.2024",18 .7.2024,"Altera a Lei nº 9.795, de 27 de abril de 1999, para assegurar atenção às mudanças do clima, à proteção da biodiversidade e aos riscos e vulnerabilidades a desastres socioambientais no âmbito da Política Nacional de Educação Ambiental.",http://www.planalto.gov.br/ccivil_03/_ato2023-2026/2024/lei/L14926.htm,Ambiental
"Lei nº 14.925, de 17.7.2024",18 .7.2024,"Dispõe sobre a prorrogação dos prazos de conclusão de cursos ou de programas para estudantes e pesquisadores da educação superior, em virtude de parto, de nascimento de filho, de adoção ou de obtenção de guarda judicial para fins de adoção; e altera a Lei nº 13.536, de 15 de dezembro de 2017, para disciplinar a prorrogação dos prazos de vigência das bolsas de estudo.",http://www.planalto.gov.br/ccivil_03/_ato2023-2026/2024/lei/L14925.htm,Tributário
"Lei nº 14.924, de 12.7.2024",15 .7.2024,"Dispõe sobre a profissão de técnico em nutrição e dietética; e altera a Lei nº 6.583, de 20 de outubro de 1978, que cria os Conselhos Federal e Regionais de Nutricionistas e regula o seu funcionamento.",http://www.planalto.gov.br/ccivil_03/_ato2023-2026/2024/lei/L14924.htm,Trabalho
"Lei nº 14.923, de 11.7.2024",12 .7.2024,"Abre crédito extraordinário em favor do Ministério da Justiça e Segurança Pública, no valor de R$ 30.157.034,00 (trinta milhões, cento e cinquenta e sete mil e trinta e quatro reais), para os fins que especifica.",http://www.planalto.gov.br/ccivil_03/_ato2023-2026/2024/lei/L14923.htm,Tributário
"Lei nº 14.922, de 11.7.2024",12 .7.2024,"Abre crédito extraordinário em favor do Ministério da Justiça e Segurança Pública, do Ministério do Meio Ambiente e Mudança do Clima, do Ministério do Desenvolvimento Agrário e Agricultura Familiar, do Ministério da Defesa, do Ministério do Desenvolvimento e Assistência Social, Família e Combate à Fome, do Ministério da Pesca e Aquicultura, do Ministério dos Direitos Humanos e da Cidadania e do Ministério dos Povos Indígenas, no valor de R$ 1.062.231.956,00 (um bilhão, sessenta e dois milhões, duzentos e trinta e um mil, novecentos e cinquenta e seis reais), para os fins que especifica.",http://www.planalto.gov.br/ccivil_03/_ato2023-2026/2024/lei/L14922.htm,Ambiental
"Lei nº 14.921, de 10.7.2024",11 .7.2024,"Altera a Lei nº 9.503, de 23 de setembro de 1997 (Código de Trânsito Brasileiro), para estabelecer a idade máxima dos veículos destinados à formação de condutores.",http://www.planalto.gov.br/ccivil_03/_ato2023-2026/2024/lei/L14921.htm,Eleitoral
"Lei nº 14.920, de 5.7.2024",8 .7.2024,"Denomina “Willy Alfredo Zumblick” o túnel construído no Morro do Formigão, localizado entre o km 337,8 e o km 338,7 da Rodovia BR-101, no Município de Tubarão, no Estado de Santa Catarina.",http://www.planalto.gov.br/ccivil_03/_ato2023-2026/2024/lei/L14920.htm,Trabalho
"Lei nº 14.919, de 5.7.2024",8 .7.2024,Institui o Dia Nacional do Hematologista e do Hemoterapeuta.,http://www.planalto.gov.br/ccivil_03/_ato2023-2026/2024/lei/L14919.htm,Internacional
"Lei nº 14.918, de 5.7.2024",8 .7.2024,"Denomina Perimetral Sérgio Lobato Machado o trecho rodoviário que liga a rodovia BR-277 à ponte internacional da integração sobre o rio Paraná, na fronteira entre o Brasil e o Paraguai, no Município de Foz do Iguaçu, no Estado do Paraná.",http://www.planalto.gov.br/ccivil_03/_ato2023-2026/2024/lei/L14918.htm,Internacional
"Lei nº 14.917, de 5.7.2024",8 .7.2024,Dispõe sobre medidas emergenciais destinadas aos setores de turismo e de cultura do Estado do Rio Grande do Sul.,http://www.planalto.gov.br/ccivil_03/_ato2023-2026/2024/lei/L14917.htm,Tributário
"Lei nº 14.916, de 5.7.2024",8 .7.2024,Institui o Dia Nacional da Conscientização sobre a Dermatite Atópica.,http://www.planalto.gov.br/ccivil_03/_ato2023-2026/2024/lei/L14916.htm,Constitucional
"Lei nº 14.915, de 5.7.2024",8 .7.2024,Institui o Dia Nacional de Conscientização sobre as Doenças Crônicas.,http://www.planalto.gov.br/ccivil_03/_ato2023-2026/2024/lei/L14915.htm,Administrativo
"Lei nº 14.914, de 3.7.2024",4 .7.2024,Institui a Política Nacional de Assistência Estudantil (PNAES). Mensagem de veto,http://www.planalto.gov.br/ccivil_03/_ato2023-2026/2024/lei/L14914.htm,Processual
"Lei nº 14.913, de 3.7.2024",4 .7.2024,"Altera a Lei nº 11.788, de 25 de setembro de 2008, que dispõe sobre o estágio de estudantes, para disciplinar o intercâmbio internacional.",http://www.planalto.gov.br/ccivil_03/_ato2023-2026/2024/lei/L14913.htm,Internacional
"Lei nº 14.912, de 3.7.2024",4 .7.2024,"Altera a Lei nº 8.080, de 19 de setembro de 1990 (Lei Orgânica da Saúde), para determinar a realização de campanhas permanentes sobre os riscos da automedicação.",http://www.planalto.gov.br/ccivil_03/_ato2023-2026/2024/lei/L14912.htm,Eleitoral
"Lei nº 14.911, de 3.7.2024",4 .7.2024,"Altera a Lei nº 14.597, de 14 de junho de 2023 (Lei Geral do Esporte), para coibir a prática de intimidação sistemática ( bullying ) no esporte.",http://www.planalto.gov.br/ccivil_03/_ato2023-2026/2024/lei/L14911.htm,Eleitoral
"Lei nº 14.910, de 1º.7.2024",2 .7.2024,"Declara o Município de Nova Friburgo, no Estado do Rio de Janeiro, como a “Suíça Brasileira”.",http://www.planalto.gov.br/ccivil_03/_ato2023-2026/2024/lei/L14910.htm,Consumidor
"Lei nº 14.909, de 1º.7.2024",2 .7.2024,Institui o Dia do Rei Pelé.,http://www.planalto.gov.br/ccivil_03/_ato2023-2026/2024/lei/L14909.htm,Administrativo
"Lei nº 14.908, de 1º.7.2024",2 .7.2024,Institui o Dia Nacional do Policial Penal.,http://www.planalto.gov.br/ccivil_03/_ato2023-2026/2024/lei/L14908.htm,Penal
"Lei nº 14.907, de 1º.7.2024",2 .7.2024,"Confere o título de Capital Nacional do Incentivo às Microempresas e Pequenas Empresas ao Município de Três Rios, no Estado do Rio de Janeiro.",http://www.planalto.gov.br/ccivil_03/_ato2023-2026/2024/lei/L14907.htm,Constitucional
"Lei nº 14.906, de 1º.7.2024",2 .7.2024,Dispõe sobre a criação de cargos de provimento efetivo no Quadro de Pessoal da Secretaria do Tribunal Regional do Trabalho da 5ª Região e dá outras providências.,http://www.planalto.gov.br/ccivil_03/_ato2023-2026/2024/lei/L14906.htm,Trabalho
"Lei nº 14.905, de 28.6.2024",1º .7.2024,"Altera a Lei nº 10.406, de 10 de janeiro de 2002 (Código Civil), para dispor sobre atualização monetária e juros.",http://www.planalto.gov.br/ccivil_03/_ato2023-2026/2024/lei/L14905.htm,Civil
"Lei nº 14.904, de 27.6.2024",28 .6.2024,"Estabelece diretrizes para a elaboração de planos de adaptação à mudança do clima; altera a Lei nº 12.114, de 9 de dezembro de 2009; e dá outras providências.",http://www.planalto.gov.br/ccivil_03/_ato2023-2026/2024/lei/L14904.htm,Trabalho
"Lei nº 14.903, de 27.6.2024",28 .6.2024,"Estabelece o marco regulatório do fomento à cultura, no âmbito da administração pública da União, dos Estados, do Distrito Federal e dos Municípios.",http://www.planalto.gov.br/ccivil_03/_ato2023-2026/2024/lei/L14903.htm,Administrativo
"Lei nº 14.902, de 27.6.2024",28 .6.2024,"Institui o Programa Mobilidade Verde e Inovação (Programa Mover); altera o Decreto-Lei nº 1.804, de 3 de setembro de 1980; e revoga dispositivos da Lei nº 13.755, de 10 de dezembro de 2018. Mensagem de veto",http://www.planalto.gov.br/ccivil_03/_ato2023-2026/2024/lei/L14902.htm,Processual
"Lei nº 14.901, de 25.6.2024",26 .6.2024,"Altera a Lei nº 14.002, de 22 de maio de 2020, e a Lei nº 11.771, de 17 de setembro de 2008, para atualizar e aprimorar o regime jurídico a que se submete a Agência Brasileira de Promoção Internacional do Turismo (Embratur), e a Lei nº 12.462, de 4 de agosto de 2011, para incrementar o turismo no Brasil.",http://www.planalto.gov.br/ccivil_03/_ato2023-2026/2024/lei/L14901.htm,Internacional
"Lei nº 14.900, de 21.6.2024",24 .6.2024,"Altera a Lei nº 14.555, de 25 de abril de 2023, para reconhecer as quadrilhas juninas como manifestação da cultura nacional.",http://www.planalto.gov.br/ccivil_03/_ato2023-2026/2024/lei/L14900.htm,Eleitoral
"Lei nº 14.899, de 17.6.2024",18 .6.2024,"Dispõe sobre a elaboração e a implementação de plano de metas para o enfrentamento integrado da violência doméstica e familiar contra a mulher, da Rede Estadual de Enfrentamento da Violência contra a Mulher e da Rede de Atendimento à Mulher em Situação de Violência; e altera a Lei nº 13.675, de 11 de junho de 2018, para determinar que o Sistema Nacional de Informações de Segurança Pública, Prisionais, de Rastreabilidade de Armas e Munições, de Material Genético, de Digitais e de Drogas (Sinesp) armazene dados e informações para auxiliar nas políticas relacionadas com o enfrentamento da violência doméstica e familiar contra a mulher.",http://www.planalto.gov.br/ccivil_03/_ato2023-2026/2024/lei/L14899.htm,Processual
"Lei nº 14.898, de 13.6.2024",14 .6.2024,Institui diretrizes para a Tarifa Social de Água e Esgoto em âmbito nacional.,http://www.planalto.gov.br/ccivil_03/_ato2023-2026/2024/lei/L14898.htm,Tributário
"Lei nº 14.897, de 12.6.2024",13 .6.2024,"Abre ao Orçamento Fiscal da União, em favor do Tribunal de Contas da União, da Justiça do Trabalho e do Ministério Público da União, crédito suplementar no valor de R$ 426.220.771,00, para reforço de dotações constantes da Lei Orçamentária vigente.",http://www.planalto.gov.br/ccivil_03/_ato2023-2026/2024/lei/L14897.htm,Trabalho
"Lei nº 14.896, de 12.6.2024",13 .6.2024,"Abre ao Orçamento Fiscal da União, em favor do Ministério da Agricultura e Pecuária, crédito suplementar no valor de R$ 182.039.027,00, para reforço de dotações constantes da Lei Orçamentária vigente.",http://www.planalto.gov.br/ccivil_03/_ato2023-2026/2024/lei/L14896.htm,Tributário
"Lei nº 14.895, de 12.6.2024",13 .6.2024,"Abre aos Orçamentos Fiscal e da Seguridade Social da União, em favor de diversos Órgãos do Poder Executivo e de Operações Oficiais de Crédito, crédito suplementar no valor de R$ 873.461.598,00, para reforço de dotações constantes da Lei Orçamentária vigente.",http://www.planalto.gov.br/ccivil_03/_ato2023-2026/2024/lei/L14895.htm,Administrativo
"Lei nº 14.894, de 12.6.2024",13 .6.2024,"Abre aos Orçamentos Fiscal e da Seguridade Social da União, em favor de diversos órgãos do Poder Executivo, crédito especial no valor de R$ 94.835.105,00, para os fins que especifica.",http://www.planalto.gov.br/ccivil_03/_ato2023-2026/2024/lei/L14894.htm,Administrativo
"Lei nº 14.893, de 12.6.2024",13 .6.2024,"Abre aos Orçamentos Fiscal e da Seguridade Social da União, em favor da Presidência da República e dos Ministérios da Fazenda e da Educação, crédito especial no valor de R$ 19.063.245,00, para os fins que especifica.",http://www.planalto.gov.br/ccivil_03/_ato2023-2026/2024/lei/L14893.htm,Administrativo
"Lei nº 14.892, de 12.6.2024",13 .6.2024,"Abre ao Orçamento Fiscal da União, em favor da Defensoria Pública da União e do Ministério Público da União, crédito especial no valor de R$ 1.895.000,00, para os fins que especifica.",http://www.planalto.gov.br/ccivil_03/_ato2023-2026/2024/lei/L14892.htm,Tributário
"Lei nº 14.891, de 12.6.2024",13 .6.2024,"Abre ao Orçamento Fiscal da União, em favor do Ministério da Defesa e de Operações Oficiais de Crédito, crédito suplementar no valor de R$ 256.770.000,00, para reforço de dotações constantes da Lei Orçamentária vigente.",http://www.planalto.gov.br/ccivil_03/_ato2023-2026/2024/lei/L14891.htm,Tributário
"Lei nº 14.890, de 12.6.2024",13 .6.2024,"Abre ao Orçamento Fiscal da União, em favor do Ministério da Educação, crédito especial no valor de R$ 7.377.849,00, para os fins que especifica.",http://www.planalto.gov.br/ccivil_03/_ato2023-2026/2024/lei/L14890.htm,Tributário
"Lei nº 14.889, de 12.6.2024",13 .6.2024,"Abre ao Orçamento Fiscal da União, em favor de Encargos Financeiros da União, crédito especial no valor de R$ 59.000.000,00, para o fim que especifica.",http://www.planalto.gov.br/ccivil_03/_ato2023-2026/2024/lei/L14889.htm,Tributário
"Lei nº 14.888, de 12.6.2024",13 .6.2024,Dispõe sobre a criação de cargos de provimento efetivo e de cargos em comissão no Quadro de Pessoal da Secretaria do Tribunal Regional do Trabalho da 19ª Região e dá outras providências.,http://www.planalto.gov.br/ccivil_03/_ato2023-2026/2024/lei/L14888.htm,Trabalho
"Lei nº 14.887, de 12.6.2024",13 .6.2024,"Altera a Lei nº 11.340, de 7 de agosto de 2006 (Lei Maria da Penha), para estabelecer prioridade na assistência à mulher em situação de violência doméstica e familiar, e a Lei nº 13.239, de 30 de dezembro de 2015, para determinar que a mulher vítima de violência tenha atendimento prioritário para a cirurgia plástica reparadora entre os casos de mesma gravidade.",http://www.planalto.gov.br/ccivil_03/_ato2023-2026/2024/lei/L14887.htm,Penal
"Lei nº 14.886, de 11.6.2024",12 .6.2024 - Edição extra,Institui o Programa Nacional de Vacinação em Escolas Públicas. Mensagem de veto,http://www.planalto.gov.br/ccivil_03/_ato2023-2026/2024/lei/L14886.htm,Administrativo
"Lei nº 14.885, de 11.6.2024",12 .6.2024 - Edição extra,Institui o Dia Nacional de Prevenção ao Acidente Vascular Cerebral (AVC).,http://www.planalto.gov.br/ccivil_03/_ato2023-2026/2024/lei/L14885.htm,Administrativo
"Lei nº 14.884, de 11.6.2024",12 .6.2024 - Edição extra,Institui o Dia Nacional do Imigrante Grego.,http://www.planalto.gov.br/ccivil_03/_ato2023-2026/2024/lei/L14884.htm,Administrativo
"Lei nº 14.883, de 11.6.2024",12 .6.2024 - Edição extra,"Confere o título de Capital Nacional da Moda Íntima ao Município de Nova Friburgo, no Estado do Rio de Janeiro.",http://www.planalto.gov.br/ccivil_03/_ato2023-2026/2024/lei/L14883.htm,Constitucional
"Lei nº 14.882, de 11.6.2024",12 .6.2024 - Edição extra,"Reconhece como manifestação da cultura nacional a Festa de São Vito, realizada no Município de São Paulo, no Estado de São Paulo.",http://www.planalto.gov.br/ccivil_03/_ato2023-2026/2024/lei/L14882.htm,Processual
"Lei nº 14.881, de 7.6.2024",7 .6.2024 - Edição extra,"Abre aos Orçamentos Fiscal e da Seguridade Social da União, em favor dos Ministérios da Saúde, e da Integração e do Desenvolvimento Regional, crédito suplementar no valor de R$ 2.854.421.588,00, para reforço de dotações constantes da Lei Orçamentária vigente.",http://www.planalto.gov.br/ccivil_03/_ato2023-2026/2024/lei/L14881.htm,Tributário
"Lei nº 14.880, de 4.6.2024",5 .6.2024,"Altera a Lei nº 13.257, de 8 de março de 2016 (Marco Legal da Primeira Infância), para instituir a Política Nacional de Atendimento Educacional Especializado a Crianças de Zero a Três Anos (Atenção Precoce) e para determinar prioridade de atendimento em programas de visitas domiciliares a crianças da educação infantil apoiadas pela educação especial e a crianças da educação infantil com sinais de alerta para o desenvolvimento, nos termos que especifica.",http://www.planalto.gov.br/ccivil_03/_ato2023-2026/2024/lei/L14880.htm,Trabalho
"Lei nº 14.879, de 4.6.2024",5 .6.2024,"Altera a Lei nº 13.105, de 16 de março de 2015 (Código de Processo Civil), para estabelecer que a eleição de foro deve guardar pertinência com o domicílio das partes ou com o local da obrigação e que o ajuizamento de ação em juízo aleatório constitui prática abusiva, passível de declinação de competência de ofício .",http://www.planalto.gov.br/ccivil_03/_ato2023-2026/2024/lei/L14879.htm,Civil
"Lei nº 14.878, de 4.6.2024",5 .6.2024,"Institui a Política Nacional de Cuidado Integral às Pessoas com Doença de Alzheimer e Outras Demências; e altera a Lei nº 8.742, de 7 de dezembro de 1993 (Lei Orgânica da Assistência Social).",http://www.planalto.gov.br/ccivil_03/_ato2023-2026/2024/lei/L14878.htm,Processual
"Lei nº 14.877, de 4.6.2024",5 .6.2024,Cria os Selos Verdes Cacau Cabruca e Cacau Amazônia.,http://www.planalto.gov.br/ccivil_03/_ato2023-2026/2024/lei/L14877.htm,Ambiental
"Lei nº 14.876, de 31.5.2024",31 .5.2024 - Edição extra,"Altera a descrição do Código 20 do Anexo VIII da Lei nº 6.938, de 31 de agosto de 1981, acrescido pela Lei nº 10.165, de 27 de dezembro de 2000, para excluir a silvicultura do rol de atividades potencialmente poluidoras e utilizadoras de recursos ambientais.",http://www.planalto.gov.br/ccivil_03/_ato2023-2026/2024/lei/L14876.htm,Ambiental
"Lei nº 14.875, de 31.5.2024",31 .5.2024 - Edição extra,"Cria as carreiras de Especialista em Indigenismo, de Técnico em Indigenismo e de Tecnologia da Informação; cria o Plano Especial de Cargos da Funai (PECFunai) e o quadro suplementar da Fundação Nacional dos Povos Indígenas (Funai); define o órgão supervisor e altera a remuneração do cargo de Analista-Técnico de Políticas Sociais; altera a remuneração das carreiras e do Plano Especial de Cargos da Agência Nacional de Mineração (PEC-ANM); altera a remuneração dos cargos das carreiras de Policial Federal e de Policial Rodoviário Federal; cria a Polícia Penal Federal e a carreira de Policial Penal Federal; altera a remuneração dos cargos de Especialista Federal em Assistência à Execução Penal e de Técnico Federal de Apoio à Execução Penal; altera as Leis nºs 11.907, de 2 de fevereiro de 2009, 12.702, de 7 de agosto de 2012, 12.094, de 19 de novembro de 2009, 11.046, de 27 de dezembro de 2004, 10.871, de 20 de maio de 2004, 13.575, de 26 de dezembro de 2017, 14.204, de 16 de setembro de 2021, 14.600, de 19 de junho de 2023, 10.887, de 18 de junho de 2004, 11.358, de 19 de outubro de 2006, 9.654, de 2 de junho de 1998, 8.691, de 28 de julho de 1993, 12.277, de 30 de junho de 2010, e 11.356, de 19 de outubro de 2006; e revoga a Lei nº 10.693, de 25 de junho de 2003, e a Medida Provisória nº 1.203, de 29 de dezembro de 2023, e dispositivos das Leis nºs 8.460, de 17 de setembro de 1992, 11.357, de 19 de outubro de 2006, 11.538, de 8 de novembro de 2007, 12.775, de 28 de dezembro de 2012, 13.324, de 29 de julho de 2016, 13.327, de 29 de julho de 2016, 13.371, de 14 de dezembro de 2016, e 14.673, de 14 de setembro de 2023. Mensagem de veto",http://www.planalto.gov.br/ccivil_03/_ato2023-2026/2024/lei/L14875.htm,Penal
"Lei nº 14.874, de 28.5.2024",29 .5.2024,Dispõe sobre a pesquisa com seres humanos e institui o Sistema Nacional de Ética em Pesquisa com Seres Humanos. Mensagem de veto,http://www.planalto.gov.br/ccivil_03/_ato2023-2026/2024/lei/L14874.htm,Processual
"Lei nº 14.873, de 28.5.2024",29 .5.2024,"Altera a Lei nº 9.430, de 27 de dezembro de 1996, para limitar a compensação tributária dos créditos decorrentes de decisões judiciais transitadas em julgado.",http://www.planalto.gov.br/ccivil_03/_ato2023-2026/2024/lei/L14873.htm,Tributário
"Lei nº 14.872, de 28.5.2024",29 .5.2024,"Altera a Lei nº 12.340, de 1º de dezembro de 2010, para dispor sobre o custeio de ações de recuperação em propriedades de agricultura familiar atingidas por desastres .",http://www.planalto.gov.br/ccivil_03/_ato2023-2026/2024/lei/L14872.htm,Eleitoral
"Lei nº 14.871, de 28.5.2024",29 .5.2024,"Autoriza a concessão de quotas diferenciadas de depreciação acelerada para máquinas, equipamentos, aparelhos e instrumentos novos destinados ao ativo imobilizado e empregados em determinadas atividades econômicas . Mensagem de veto",http://www.planalto.gov.br/ccivil_03/_ato2023-2026/2024/lei/L14871.htm,Consumidor
"Lei nº 14.870, de 28.5.2024",29 .5.2024,Institui o Dia Nacional do Produtor de Leite.,http://www.planalto.gov.br/ccivil_03/_ato2023-2026/2024/lei/L14870.htm,Administrativo
"Lei nº 14.869, de 28.5.2024",29 .5.2024,"Declara a cidade de Santa Gertrudes, no Estado de São Paulo, Capital Nacional da Cerâmica de Pisos e Revestimentos.",http://www.planalto.gov.br/ccivil_03/_ato2023-2026/2024/lei/L14869.htm,Civil
"Lei nº 14.868, de 28.5.2024",29 .5.2024,"Confere o título de Berço Imperial da Cerveja ao Município de Petrópolis, no Estado do Rio de Janeiro .",http://www.planalto.gov.br/ccivil_03/_ato2023-2026/2024/lei/L14868.htm,Internacional
"Lei nº 14.867, de 28.5.2024",29 .5.2024,"Confere o título de Capital Nacional do Doce ao Município de Pelotas, no Estado do Rio Grande do Sul .",http://www.planalto.gov.br/ccivil_03/_ato2023-2026/2024/lei/L14867.htm,Constitucional
"Lei nº 14.866, de 28.5.2024",29 .5.2024,"Denomina “Viaduto Alcides de Freitas Assunção” viaduto localizado na Rodovia BR-153, no Município de São José do Rio Preto, Estado de São Paulo.",http://www.planalto.gov.br/ccivil_03/_ato2023-2026/2024/lei/L14866.htm,Previdenciário
"Lei nº 14.865, de 28.5.2024",29 .5.2024,Cria o Calendário Turístico Oficial do Brasil.,http://www.planalto.gov.br/ccivil_03/_ato2023-2026/2024/lei/L14865.htm,Administrativo
"Lei nº 14.864, de 27.5.2024",28 .5.2024,"Denomina Campus Universitário Governador Luiz Henrique o campus da Universidade Federal de Santa Catarina situado no Município de Joinville, no Estado de Santa Catarina.",http://www.planalto.gov.br/ccivil_03/_ato2023-2026/2024/lei/L14864.htm,Administrativo
"Lei nº 14.863, de 27.5.2024",28 .5.2024,"Altera a Lei nº 13.146, de 6 de julho de 2015 (Estatuto da Pessoa com Deficiência), para assegurar a acessibilidade nas campanhas sociais, preventivas e educativas.",http://www.planalto.gov.br/ccivil_03/_ato2023-2026/2024/lei/L14863.htm,Eleitoral
"Lei nº 14.862, de 27.5.2024",28 .5.2024,"Altera a Lei nº 9.394, de 20 de dezembro de 1996 (Lei de Diretrizes e Bases da Educação Nacional), para permitir que os professores da educação básica pública utilizem os veículos de transporte escolar dos Estados, do Distrito Federal e dos Municípios, nos termos que especifica; e revoga a Lei nº 10.709, de 31 de julho de 2003.",http://www.planalto.gov.br/ccivil_03/_ato2023-2026/2024/lei/L14862.htm,Eleitoral
"Lei nº 14.861, de 27.5.2024",28 .5.2024,"Altera a Lei nº 9.503, de 23 de setembro de 1997 (Código de Trânsito Brasileiro), para determinar que sejam disponibilizadas na internet as informações constantes do Registro Nacional de Carteiras de Habilitação (Renach) e do Registro Nacional de Veículos Automotores (Renavam) aos motoristas habilitados e aos proprietários de veículo, respectivamente.",http://www.planalto.gov.br/ccivil_03/_ato2023-2026/2024/lei/L14861.htm,Trabalho
"Lei nº 14.860, de 27.5.2024",28 .5.2024,Institui o Dia Nacional de Conscientização sobre a Esquizofrenia.,http://www.planalto.gov.br/ccivil_03/_ato2023-2026/2024/lei/L14860.htm,Administrativo
"Lei nº 14.859, de 22.5.2024",23 .5.2024,"Altera a Lei nº 14.148, de 3 de maio de 2021, para estabelecer alíquotas reduzidas no âmbito do Programa Emergencial de Retomada do Setor de Eventos - Perse; e revoga dispositivo da Medida Provisória nº 1.202, de 28 de dezembro de 2023 .",http://www.planalto.gov.br/ccivil_03/_ato2023-2026/2024/lei/L14859.htm,Eleitoral
"Lei nº 14.858, de 21.5.2024",22 .5.2024,"Altera a Lei nº 9.434, de 4 de fevereiro de 1997, que dispõe sobre a remoção de órgãos, tecidos e partes do corpo humano para fins de transplante e tratamento, com o objetivo de instituir a obrigatoriedade de priorizar espaço e vaga para o transporte de órgãos, tecidos e partes do corpo humano para fins de transplante e tratamento .",http://www.planalto.gov.br/ccivil_03/_ato2023-2026/2024/lei/L14858.htm,Eleitoral
"Lei nº 14.857, de 21.5.2024",22 .5.2024,"Altera a Lei nº 11.340, de 7 de agosto de 2006 (Lei Maria da Penha), para determinar o sigilo do nome da ofendida nos processos em que se apuram crimes praticados no contexto de violência doméstica e familiar contra a mulher .",http://www.planalto.gov.br/ccivil_03/_ato2023-2026/2024/lei/L14857.htm,Penal
"Lei nº 14.856, de 17.5.2024",17 .5.2024 - Edição extra,"Altera a Lei nº 14.822, de 22 de janeiro de 2024, que estima a receita e fixa a despesa da União para o exercício financeiro de 2024.",http://www.planalto.gov.br/ccivil_03/_ato2023-2026/2024/lei/L14856.htm,Eleitoral
"Lei nº 14.855, de 16.5.2024",17 .5.2024,"Altera a Lei nº 14.791, de 29 de dezembro de 2023, que dispõe sobre as diretrizes para a elaboração e a execução da Lei Orçamentária de 2024.",http://www.planalto.gov.br/ccivil_03/_ato2023-2026/2024/lei/L14855.htm,Eleitoral
"Lei nº 14.854, de 9.5.2024",10 .5.2024,"Denomina “Ponte Deputado Ernesto Gurgel Valente” a ponte sobre o Rio Jaguaribe na Rodovia BR-304, ao lado da Ponte Juscelino Kubitschek, no Município de Aracati, Estado do Ceará .",http://www.planalto.gov.br/ccivil_03/_ato2023-2026/2024/lei/L14854.htm,Tributário
"Lei nº 14.853, de 9.5.2024",10 .5.2024,"Denomina “Antônio Carlos Belchior” o Terminal Marítimo de Passageiros do Porto de Fortaleza, no Estado do Ceará .",http://www.planalto.gov.br/ccivil_03/_ato2023-2026/2024/lei/L14853.htm,Trabalho
"Lei nº 14.852, de 3.5.2024",6 .5.2024,"Cria o marco legal para a indústria de jogos eletrônicos; e altera as Leis nºs 8.313, de 23 de dezembro de 1991, 8.685, de 20 de julho de 1993, e 9.279, de 14 de maio de 1996 . Mensagem de veto",http://www.planalto.gov.br/ccivil_03/_ato2023-2026/2024/lei/L14852.htm,Eleitoral
"Lei nº 14.851, de 3.5.2024",6 .5.2024,Dispõe sobre a obrigatoriedade de criação de mecanismos de levantamento e de divulgação da demanda por vagas no atendimento à educação infantil de crianças de 0 (zero) a 3 (três) anos de idade .,http://www.planalto.gov.br/ccivil_03/_ato2023-2026/2024/lei/L14851.htm,Trabalho
"Lei nº 14.850, de 2.5.2024",3 .5.2024,Institui a Política Nacional de Qualidade do Ar . Mensagem de veto,http://www.planalto.gov.br/ccivil_03/_ato2023-2026/2024/lei/L14850.htm,Administrativo
"Lei nº 14.849, de 2.5.2024",3 .5.2024,"Altera a Lei nº 10.257, de 10 de julho de 2001 (Estatuto da Cidade), para exigir análise de mobilidade urbana nos estudos prévios de impacto de vizinhança .",http://www.planalto.gov.br/ccivil_03/_ato2023-2026/2024/lei/L14849.htm,Ambiental
"Lei nº 14.848, de 1º.5.2024",1º .5.2024 - Edição extra,"Altera os valores da tabela progressiva mensal do Imposto sobre a Renda da Pessoa Física de que trata o art. 1º da Lei nº 11.482, de 31 de maio de 2007; e revoga a Medida Provisória nº 1.206, de 6 de fevereiro de 2024 .",http://www.planalto.gov.br/ccivil_03/_ato2023-2026/2024/lei/L14848.htm,Processual
"Lei nº 14.847, de 25.4.2024",26 .4.2024,"Altera a Lei nº 8.080, de 19 de setembro de 1990 (Lei Orgânica da Saúde), para dispor sobre o atendimento de mulheres vítimas de violência em ambiente privativo e individualizado nos serviços de saúde prestados no âmbito do Sistema Único de Saúde .",http://www.planalto.gov.br/ccivil_03/_ato2023-2026/2024/lei/L14847.htm,Eleitoral
"Lei nº 14.846, de 24.4.2024",25 .4.2024,"Acrescenta dispositivo à Consolidação das Leis do Trabalho (CLT), aprovada pelo Decreto-Lei nº 5.452, de 1º de maio de 1943, para atribuir medida especial de proteção ao trabalho realizado em arquivos, em bibliotecas, em museus e em centros de documentação e memória.",http://www.planalto.gov.br/ccivil_03/_ato2023-2026/2024/lei/L14846.htm,Trabalho
"Lei nº 14.845, de 24.4.2024",25 .4.2024,Reconhece como manifestação da cultura nacional os blocos e as bandas de carnaval.,http://www.planalto.gov.br/ccivil_03/_ato2023-2026/2024/lei/L14845.htm,Civil
"Lei nº 14.844, de 24.4.2024",25 .4.2024,"Institui a região turística Vale do Panema como Área Especial de Interesse Turístico, nos termos que especifica.",http://www.planalto.gov.br/ccivil_03/_ato2023-2026/2024/lei/L14844.htm,Tributário
"Lei nº 14.843, de 11.4.2024",11 .4.2024 - Edição extra,"Altera a Lei nº 7.210, de 11 de julho de 1984 (Lei de Execução Penal), para dispor sobre a monitoração eletrônica do preso, prever a realização de exame criminológico para progressão de regime e restringir o benefício da saída temporária. Mensagem de veto",http://www.planalto.gov.br/ccivil_03/_ato2023-2026/2024/lei/L14843.htm,Penal
"Lei nº 14.842, de 11.4.2024",11 .4.2024 - Edição extra,Dispõe sobre a atividade profissional de musicoterapeuta . Mensagem de veto,http://www.planalto.gov.br/ccivil_03/_ato2023-2026/2024/lei/L14842.htm,Trabalho
"Lei nº 14.841, de 10.4.2024",11 .4.2024,"Reconhece o Município de Cruzeiro, no Estado de São Paulo, como Capital da Revolução Constitucionalista de 1932 .",http://www.planalto.gov.br/ccivil_03/_ato2023-2026/2024/lei/L14841.htm,Constitucional
"Lei nº 14.840, de 10.4.2024",11 .4.2024,Institui o dia 28 de abril como o Dia Nacional da Conscientização sobre a Doença de Fabry .,http://www.planalto.gov.br/ccivil_03/_ato2023-2026/2024/lei/L14840.htm,Civil
"Lei nº 14.839, de 10.4.2024",11 .4.2024,Inscreve o nome de Cesare Mansueto Giulio Lattes no Livro dos Heróis e Heroínas da Pátria .,http://www.planalto.gov.br/ccivil_03/_ato2023-2026/2024/lei/L14839.htm,Tributário
"Lei nº 14.838, de 10.4.2024",11 .4.2024,"Cria a Rota Turística do Caminho das Missões, no Estado do Rio Grande do Sul .",http://www.planalto.gov.br/ccivil_03/_ato2023-2026/2024/lei/L14838.htm,Processual
"Lei nº 14.837, de 8.4.2024",9 .4.2024,"Altera a Lei nº 12.244, de 24 de maio de 2010, que “dispõe sobre a universalização das bibliotecas nas instituições de ensino do País”, para modificar a definição de biblioteca escolar e criar o Sistema Nacional de Bibliotecas Escolares (SNBE). Mensagem de veto",http://www.planalto.gov.br/ccivil_03/_ato2023-2026/2024/lei/L14837.htm,Eleitoral
"Lei nº 14.836, de 8.4.2024",9 .4.2024,"Altera a Lei nº 8.038, de 28 de maio de 1990, e o Decreto-Lei nº 3.689, de 3 de outubro de 1941 (Código de Processo Penal), para dispor sobre o resultado de julgamento em matéria penal ou processual penal em órgãos colegiados e sobre a concessão de habeas corpus de ofício .",http://www.planalto.gov.br/ccivil_03/_ato2023-2026/2024/lei/L14836.htm,Penal
"Lei nº 14.835, de 4.4.2024",5 .4.2024,"Institui o marco regulatório do Sistema Nacional de Cultura (SNC), para garantia dos direitos culturais, organizado em regime de colaboração entre os entes federativos para gestão conjunta das políticas públicas de cultura. Mensagem de veto",http://www.planalto.gov.br/ccivil_03/_ato2023-2026/2024/lei/L14835.htm,Processual
"Lei nº 14.834, de 4.4.2024",5 .4.2024,Institui o Dia Nacional da Mulher Sambista.,http://www.planalto.gov.br/ccivil_03/_ato2023-2026/2024/lei/L14834.htm,Internacional
"Lei nº 14.833, de 27.3.2024",28 .3.2024,"Acrescenta parágrafo único ao art. 499 da Lei nº 13.105, de 16 de março de 2015 (Código de Processo Civil), para conferir ao réu a oportunidade de cumprir a tutela específica em caso de requerimento de sua conversão em perdas e danos .",http://www.planalto.gov.br/ccivil_03/_ato2023-2026/2024/lei/L14833.htm,Civil
"Lei nº 14.832, de 27.3.2024",28 .3.2024,"Acrescenta art. 15-B à Lei nº 10.356, de 27 de dezembro de 2001, para instituir o Adicional de Especialização e Qualificação aos servidores do quadro de pessoal da Secretaria do Tribunal de Contas da União.",http://www.planalto.gov.br/ccivil_03/_ato2023-2026/2024/lei/L14832.htm,Trabalho
"Lei nº 14.831, de 27.3.2024",28 .3.2024,Institui o Certificado Empresa Promotora da Saúde Mental e estabelece os requisitos para a concessão da certificação.,http://www.planalto.gov.br/ccivil_03/_ato2023-2026/2024/lei/L14831.htm,Processual
"Lei nº 14.830, de 27.3.2024",28 .3.2024,Institui o Dia Nacional da Agricultura Irrigada .,http://www.planalto.gov.br/ccivil_03/_ato2023-2026/2024/lei/L14830.htm,Administrativo
"Lei nº 14.829, de 26.3.2024",27 .3.2024,"Reconhece a Festa de Nossa Senhora Achiropita, realizada no Município de São Paulo, no Estado de São Paulo, como manifestação da cultura nacional .",http://www.planalto.gov.br/ccivil_03/_ato2023-2026/2024/lei/L14829.htm,Processual
"Lei nº 14.828, de 20.3.2024",21 .3.2024,"Altera a Lei nº 11.326, de 24 de julho de 2006 (Lei da Agricultura Familiar), para ampliar o âmbito do planejamento e da execução das ações da Política Nacional da Agricultura Familiar e Empreendimentos Familiares Rurais .",http://www.planalto.gov.br/ccivil_03/_ato2023-2026/2024/lei/L14828.htm,Eleitoral
"Lei nº 14.827, de 20.3.2024",21 .3.2024,Institui o Dia Nacional do Cirurgião Oncológico .,http://www.planalto.gov.br/ccivil_03/_ato2023-2026/2024/lei/L14827.htm,Internacional
"Lei nº 14.826, de 20.3.2024",21 .3.2024,"Institui a parentalidade positiva e o direito ao brincar como estratégias intersetoriais de prevenção à violência contra crianças; e altera a Lei nº 14.344, de 24 de maio de 2022.",http://www.planalto.gov.br/ccivil_03/_ato2023-2026/2024/lei/L14826.htm,Previdenciário
"Lei nº 14.825, de 20.3.2024",21 .3.2024,"Altera a Lei nº 13.097, de 19 de janeiro de 2015, para garantir a eficácia dos negócios jurídicos relativos a imóveis em cuja matrícula inexista averbação, mediante decisão judicial, de qualquer tipo de constrição judicial .",http://www.planalto.gov.br/ccivil_03/_ato2023-2026/2024/lei/L14825.htm,Eleitoral
"Lei nº 14.824, de 20.3.2024",21 .3.2024,"Dispõe sobre a composição, o funcionamento e a competência do Conselho Superior da Justiça do Trabalho; e altera a Consolidação das Leis do Trabalho, aprovada pelo Decreto-Lei nº 5.452, de 1º de maio de 1943 .",http://www.planalto.gov.br/ccivil_03/_ato2023-2026/2024/lei/L14824.htm,Trabalho
"Lei nº 14.823, de 29.2.2024","Lei nº 14.823, de 29.2.2024 Publicada no DOU de 1º.3.2024","Abre crédito extraordinário em favor dos Ministérios da Defesa, da Integração e do Desenvolvimento Regional e do Desenvolvimento e Assistência Social, Família e Combate à Fome, no valor de R$ 360.900.000,00 (trezentos e sessenta milhões e novecentos mil reais), para os fins que especifica.",http://www.planalto.gov.br/ccivil_03/_ato2023-2026/2024/lei/L14823.htm,Tributário
"Lei nº 14.822, de 22.1.2024","Lei nº 14.822, de 22.1.2024 Publicada no DOU de 23.1.2024",Estima a receita e fixa a despesa da União para o exercício financeiro de 2024. Mensagem de veto,http://www.planalto.gov.br/ccivil_03/_ato2023-2026/2024/lei/L14822.htm,Internacional
"Lei nº 14.821, de 16.1.2024","Lei nº 14.821, de 16.1.2024 Publicada no DOU de 17.1.2024",Institui a Política Nacional de Trabalho Digno e Cidadania para a População em Situação de Rua (PNTC PopRua) .,http://www.planalto.gov.br/ccivil_03/_ato2023-2026/2024/lei/L14821.htm,Trabalho
"Lei nº 14.820, de 16.1.2024","Lei nº 14.820, de 16.1.2024 Publicada no DOU de 17.1.2024","Altera a Lei nº 8.080, de 19 de setembro de 1990 (Lei Orgânica da Saúde), para estabelecer a revisão periódica dos valores de remuneração dos serviços prestados ao Sistema Único de Saúde (SUS), com garantia da qualidade e do equilíbrio econômico-financeiro .",http://www.planalto.gov.br/ccivil_03/_ato2023-2026/2024/lei/L14820.htm,Eleitoral
"Lei nº 14.819, de 16.1.2024","Lei nº 14.819, de 16.1.2024 Publicada no DOU de 17.1.2024",Institui a Política Nacional de Atenção Psicossocial nas Comunidades Escolares.,http://www.planalto.gov.br/ccivil_03/_ato2023-2026/2024/lei/L14819.htm,Processual
"Lei nº 14.818, de 16.1.2024","Lei nº 14.818, de 16.1.2024 Publicada no DOU de 17.1.2024","Institui incentivo financeiro-educacional, na modalidade de poupança, aos estudantes matriculados no ensino médio público; e altera a Lei nº 13.999, de 18 de maio de 2020, e a Lei nº 14.075, de 22 de outubro de 2020 . Mensagem de veto",http://www.planalto.gov.br/ccivil_03/_ato2023-2026/2024/lei/L14818.htm,Tributário
"Lei nº 14.817, de 16.1.2024","Lei nº 14.817, de 16.1.2024 Publicada no DOU de 17.1.2024",Estabelece diretrizes para a valorização dos profissionais da educação escolar básica pública .,http://www.planalto.gov.br/ccivil_03/_ato2023-2026/2024/lei/L14817.htm,Tributário
"Lei nº 14.816, de 16.1.2024","Lei nº 14.816, de 16.1.2024 Publicada no DOU de 17.1.2024","Altera a Lei nº 14.600, de 19 de junho de 2023, para criar o Ministério do Empreendedorismo, da Microempresa e da Empresa de Pequeno Porte .",http://www.planalto.gov.br/ccivil_03/_ato2023-2026/2024/lei/L14816.htm,Constitucional
"Lei nº 14.815, de 15.1.2024","Lei nº 14.815, de 15.1.2024 Publicada no DOU de 16.1.2024","Altera a Medida Provisória nº 2.228-1, de 6 de setembro de 2001, que estabelece princípios gerais da Política Nacional do Cinema, e a Lei nº 12.485, de 12 de setembro de 2011, que dispõe sobre a comunicação audiovisual de acesso condicionado, para prorrogar o prazo de obrigatoriedade de exibição comercial de obras cinematográficas brasileiras – a política de cotas de tela na TV paga –, e dá outras providências.",http://www.planalto.gov.br/ccivil_03/_ato2023-2026/2024/lei/L14815.htm,Comercial
"Lei nº 14.814, de 15.1.2024","Lei nº 14.814, de 15.1.2024 Publicada no DOU de 16.1.2024","Altera a Medida Provisória nº 2.228-1, de 6 de setembro de 2001, que estabelece princípios gerais da Política Nacional do Cinema, para prorrogar o prazo de obrigatoriedade de exibição comercial de obras cinematográficas brasileiras .",http://www.planalto.gov.br/ccivil_03/_ato2023-2026/2024/lei/L14814.htm,Eleitoral
"Lei nº 14.813, de 15.1.2024","Lei nº 14.813, de 15.1.2024 Publicada no DOU de 16.1.2024","Altera a Lei nº 9.537, de 11 de dezembro de 1997, que dispõe sobre a segurança do tráfego aquaviário em águas sob jurisdição nacional, para conferir segurança jurídica e estabilidade regulatória aos serviços de praticagem; e altera a Lei nº 10.233, de 5 de junho de 2001, que cria a Agência Nacional de Transportes Aquaviários (Antaq) .",http://www.planalto.gov.br/ccivil_03/_ato2023-2026/2024/lei/L14813.htm,Administrativo
"Lei nº 14.812, de 15.1.2024","Lei nº 14.812, de 15.1.2024 Publicada no DOU de 16.1.2024","Altera o Decreto-Lei nº 236, de 28 de fevereiro de 1967 .",http://www.planalto.gov.br/ccivil_03/_ato2023-2026/2024/lei/L14812.htm,Eleitoral
"Lei nº 14.811, de 12.1.2024","Lei nº 14.811, de 12.1.2024 Publicada no DOU de 15.1.2024","Institui medidas de proteção à criança e ao adolescente contra a violência nos estabelecimentos educacionais ou similares, prevê a Política Nacional de Prevenção e Combate ao Abuso e Exploração Sexual da Criança e do Adolescente e altera o Decreto-Lei nº 2.848, de 7 de dezembro de 1940 (Código Penal), e as Leis nºs 8.072, de 25 de julho de 1990 (Lei dos Crimes Hediondos), e 8.069, de 13 de julho de 1990 (Estatuto da Criança e do Adolescente) .",http://www.planalto.gov.br/ccivil_03/_ato2023-2026/2024/lei/L14811.htm,Penal
"Lei nº 14.810, de 12.1.2024","Lei nº 14.810, de 12.1.2024 Publicada no DOU de 15.1.2024","Dispõe sobre a transformação de cargos efetivos em cargos em comissão e funções de confiança no quadro de pessoal do Ministério Público da União; e altera a Lei nº 13.316, de 20 julho de 2016 . Mensagem de veto",http://www.planalto.gov.br/ccivil_03/_ato2023-2026/2024/lei/L14810.htm,Processual
"Lei nº 14.809, de 12.1.2024","Lei nº 14.809, de 12.1.2024 Publicada no DOU de 15.1.2024","Altera a Lei nº 8.742, de 7 de dezembro de 1993 (Lei Orgânica da Assistência Social), para estabelecer que os valores recebidos a título de auxílio financeiro temporário ou de indenização por danos sofridos em decorrência de rompimento e colapso de barragens não serão considerados renda para fins de elegibilidade a programas socioassistenciais .",http://www.planalto.gov.br/ccivil_03/_ato2023-2026/2024/lei/L14809.htm,Eleitoral
"Lei nº 14.808, de 11.1.2024","Lei nº 14.808, de 11.1.2024 Publicada no DOU de 12.1.2024","Confere ao Município de Torres, no Estado do Rio Grande do Sul, o título de Capital Nacional do Balonismo .",http://www.planalto.gov.br/ccivil_03/_ato2023-2026/2024/lei/L14808.htm,Tributário
"Lei nº 14.807, de 11.1.2024","Lei nº 14.807, de 11.1.2024 Publicada no DOU de 12.1.2024","Denomina “Anel Viário Governador Maguito Vilela” o anel viário do Município de Jataí, Estado de Goiás .",http://www.planalto.gov.br/ccivil_03/_ato2023-2026/2024/lei/L14807.htm,Administrativo
"Lei nº 14.806, de 11.1.2024","Lei nº 14.806, de 11.1.2024 Publicada no DOU de 12.1.2024","Altera a Lei nº 6.360, de 23 de setembro de 1976, para obrigar os laboratórios farmacêuticos a incluírem nos rótulos, nas bulas e nos materiais destinados a propaganda e publicidade de seus produtos alerta sobre a presença de substâncias cujo uso seja considerado doping .",http://www.planalto.gov.br/ccivil_03/_ato2023-2026/2024/lei/L14806.htm,Trabalho
"Lei nº 14.805, de 11.1.2024","Lei nº 14.805, de 11.1.2024 Publicada no DOU de 12.1.2024",Inscreve o nome de Lauro Nina Sodré e Silva no Livro dos Heróis e Heroínas da Pátria.,http://www.planalto.gov.br/ccivil_03/_ato2023-2026/2024/lei/L14805.htm,Tributário
"Lei nº 14.804, de 10.1.2024","Lei nº 14.804, de 10.1.2024 Publicada no DOU de 11.1.2024",Dispõe sobre a atuação do Tribunal de Contas da União (TCU) como membro do Conselho de Auditores da Organização das Nações Unidas (ONU) .,http://www.planalto.gov.br/ccivil_03/_ato2023-2026/2024/lei/L14804.htm,Tributário
"Lei nº 14.803, de 10.1.2024","Lei nº 14.803, de 10.1.2024 Publicada no DOU de 11.1.2024","Altera a Lei nº 11.053, de 29 de dezembro de 2004, para permitir a participantes e assistidos de plano de previdência complementar optarem pelo regime de tributação por ocasião da obtenção do benefício ou do primeiro resgate dos valores acumulados .",http://www.planalto.gov.br/ccivil_03/_ato2023-2026/2024/lei/L14803.htm,Eleitoral
"Lei nº 14.802, de 10.1.2024","Lei nº 14.802, de 10.1.2024 Publicada no DOU de 11.1.2024",Institui o Plano Plurianual da União para o período de 2024 a 2027.,http://www.planalto.gov.br/ccivil_03/_ato2023-2026/2024/lei/L14802.htm,Internacional
"Lei nº 14.801, de 9.1.2024","Lei nº 14.801, de 9.1.2024 Publicada no DOU de 10.1.2024","Dispõe sobre as debêntures de infraestrutura; altera as Leis nºs 9.481, de 13 de agosto de 1997, 11.478, de 29 de maio de 2007, e 12.431, de 24 de junho de 2011; e dá outras providências.",http://www.planalto.gov.br/ccivil_03/_ato2023-2026/2024/lei/L14801.htm,Tributário
"Lei nº 14.800, de 8.1.2024","Lei nº 14.800, de 8.1.2024 Publicada no DOU de 9.1.2024",Inscreve o nome de Abdias do Nascimento no Livro dos Heróis e Heroínas da Pátria.,http://www.planalto.gov.br/ccivil_03/_ato2023-2026/2024/lei/L14800.htm,Civil
"Lei nº 14.799, de 5.1.2024","Lei nº 14.799, de 5.1.2024 Publicada no DOU de 8.1.2024","Altera a Lei nº 11.350, de 5 de outubro de 2006, para denominá-la Lei Ruth Brilhante .",http://www.planalto.gov.br/ccivil_03/_ato2023-2026/2024/lei/L14799.htm,Eleitoral
"Lei nº 14.798, de 5.1.2024","Lei nº 14.798, de 5.1.2024 Publicada no DOU de 8.1.2024",Institui o Dia Nacional da Educação Legislativa.,http://www.planalto.gov.br/ccivil_03/_ato2023-2026/2024/lei/L14798.htm,Processual
"Lei nº 14.797, de 5.1.2024","Lei nº 14.797, de 5.1.2024 Publicada no DOU de 8.1.2024",Institui o Dia Nacional de Combate à Tortura .,http://www.planalto.gov.br/ccivil_03/_ato2023-2026/2024/lei/L14797.htm,Internacional
"Lei nº 14.796, de 5.1.2024","Lei nº 14.796, de 5.1.2024 Publicada no DOU de 8.1.2024",Inscreve o nome de Dorina de Gouvêa Nowill no Livro dos Heróis e Heroínas da Pátria .,http://www.planalto.gov.br/ccivil_03/_ato2023-2026/2024/lei/L14796.htm,Processual
"Lei nº 14.795, de 5.1.2024","Lei nº 14.795, de 5.1.2024 Publicada no DOU de 8.1.2024",Inscreve os Lanceiros Negros no Livro dos Heróis e Heroínas da Pátria .,http://www.planalto.gov.br/ccivil_03/_ato2023-2026/2024/lei/L14795.htm,Tributário
"Lei nº 14.794, de 5.1.2024","Lei nº 14.794, de 5.1.2024 Publicada no DOU de 8.1.2024",Institui o ano de 2024 como Ano Nacional Fernando Sabino .,http://www.planalto.gov.br/ccivil_03/_ato2023-2026/2024/lei/L14794.htm,Administrativo
"Lei nº 14.793, de 5.1.2024","Lei nº 14.793, de 5.1.2024 Publicada no DOU de 8.1.2024",Inscreve o nome de Luiz Gonzaga do Nascimento no Livro dos Heróis e Heroínas da Pátria.,http://www.planalto.gov.br/ccivil_03/_ato2023-2026/2024/lei/L14793.htm,Tributário
"Lei nº 14.792, de 5.1.2024","Lei nº 14.792, de 5.1.2024 Publicada no DOU de 8.1.2024",Institui o Dia Nacional da Saúde Única .,http://www.planalto.gov.br/ccivil_03/_ato2023-2026/2024/lei/L14792.htm,Administrativo
